n,distribution,algorithm,median_seconds
1000,random,Heapsort,0.003305
1000,random,Quicksort,0.003540
1000,random,Mergesort,0.003390
1000,sorted,Heapsort,0.004505
1000,sorted,Quicksort,0.003385
1000,sorted,Mergesort,0.002198
1000,reverse,Heapsort,0.004209
1000,reverse,Quicksort,0.003948
1000,reverse,Mergesort,0.001792
5000,random,Heapsort,0.016708
5000,random,Quicksort,0.017516
5000,random,Mergesort,0.018554
5000,sorted,Heapsort,0.018557
5000,sorted,Quicksort,0.013513
5000,sorted,Mergesort,0.009043
5000,reverse,Heapsort,0.015438
5000,reverse,Quicksort,0.013458
5000,reverse,Mergesort,0.010685
10000,random,Heapsort,0.036161
10000,random,Quicksort,0.033939
10000,random,Mergesort,0.050821
10000,sorted,Heapsort,0.050812
10000,sorted,Quicksort,0.048426
10000,sorted,Mergesort,0.031650
10000,reverse,Heapsort,0.058590
10000,reverse,Quicksort,0.046295
10000,reverse,Mergesort,0.033363
